split,well,0,10,25,50,100
lowo,AMIRPUR-01,245.8,209.1,231.6,232.8,227.4
lowo,BHANGALI-01,639.6,443.9,506.2,527.8,564.1
lowo,Balkassar OXY 01,286.2,170.8,173.6,204.6,238.1
lowo,Balkassar OXY 02,368.9,263.9,246.0,256.6,270.6
lowo,Balkassar POL 01,317.2,260.7,268.7,290.6,331.4
lowo,JOYAMAIR-4,549.2,541.6,500.1,470.4,525.8
lowo,KAL-01,403.9,290.1,287.1,322.6,312.3
lowo,MINWAL-2,517.6,354.0,364.1,388.9,453.2
lowo,MINWAL-X-1,507.2,337.8,387.3,409.5,441.0
lowo,MISSA KESWAL-01,390.7,372.3,398.1,412.4,444.4
lowo,MISSA KESWAL-02,760.9,663.4,651.1,687.8,702.4
lowo,MISSA KESWAL-03,892.7,694.0,593.6,700.2,727.8
lowo,PINDORI-1,543.0,422.0,468.4,503.7,532.4
lowo,PINDORI-2,458.5,375.5,391.7,409.8,433.4
lowo,PINDORI-3,786.0,670.1,681.7,734.9,763.1
lowo,QAZIAN -1X,1007.9,679.9,710.4,782.9,781.3
lowo,RAJIAN-01,505.9,302.8,353.1,390.5,422.4
lowo,RAJIAN-03A,670.4,442.3,492.4,572.0,610.0
lowo,SHAHAB 1A,646.9,532.3,546.7,521.9,558.9
lowo,TURKWAL DEEP 01,1007.6,769.9,748.0,793.3,913.2
lowo,TURKWAL DEEP X 2,882.3,695.9,695.4,790.0,968.6
