split,features,model,window_m,r2,r2_sd,med_r2,rmse,rmse_sd,seeds
lowo,full,point,0,0.415,0.018,0.628,589.929,2.416,3
lowo,full,window,10,0.643,0.015,0.787,452.013,7.698,3
lowo,full,window,25,0.654,0.005,0.764,461.678,5.188,3
lowo,full,window,50,0.599,0.012,0.758,495.394,3.587,3
lowo,full,window,100,0.541,0.002,0.641,534.368,1.96,3
lowo,raw,point,0,-4.356,,-3.711,1756.215,,1
lowo,raw,window,10,-3.398,,-3.428,1570.766,,1
lowo,raw,window,25,-3.188,,-2.844,1547.079,,1
lowo,raw,window,50,-3.206,,-2.528,1540.442,,1
lowo,raw,window,100,-2.875,,-2.855,1438.726,,1
