r2,rmse,mae,features,model,window_m,test_well,n,seed
0.6626756689084439,491.5316566076146,396.23181482454993,full,point,0.0,MISSA KESWAL-01,4364,0
-0.0787567528356114,813.776293363409,598.3815933047327,full,point,0.0,MISSA KESWAL-02,5190,0
-1.0680460690015368,836.9935058020595,717.556054191896,full,point,0.0,MISSA KESWAL-03,4761,0
-0.1715710312410725,1228.865508742615,1120.438464903095,full,point,0.0,QAZIAN -1X,5664,0
0.4910863800837282,603.7396469066429,548.1299481484249,full,window,10.0,MISSA KESWAL-01,4364,0
0.4293231066322199,591.8864727415378,450.7005777776523,full,window,10.0,MISSA KESWAL-02,5190,0
-0.6360871490593694,744.4665696309177,627.5318997701457,full,window,10.0,MISSA KESWAL-03,4761,0
0.1140987660715321,1068.593912540812,962.9278421216028,full,window,10.0,QAZIAN -1X,5664,0
0.424864345661628,641.8193483819599,583.8110990279579,full,window,25.0,MISSA KESWAL-01,4364,0
0.3225303987359387,644.8937629411105,493.27486121323307,full,window,25.0,MISSA KESWAL-02,5190,0
-1.6404469159482122,945.7594820389352,831.2637450942553,full,window,25.0,MISSA KESWAL-03,4761,0
-0.027987669521664,1151.1024949438847,1045.8328313064144,full,window,25.0,QAZIAN -1X,5664,0
0.5706611305580827,554.5334695191899,472.5001405528544,full,window,50.0,MISSA KESWAL-01,4364,0
0.0995671767751634,743.4793819432332,549.4290117103203,full,window,50.0,MISSA KESWAL-02,5190,0
-0.9840548677534884,819.8205924464874,696.5294362428373,full,window,50.0,MISSA KESWAL-03,4761,0
-0.258849220726391,1273.816588339527,1138.0427090682726,full,window,50.0,QAZIAN -1X,5664,0
0.6601889200804897,493.3401109667659,392.9397923289718,full,window,100.0,MISSA KESWAL-01,4364,0
0.2503637582605714,678.3730054283843,499.4715767852842,full,window,100.0,MISSA KESWAL-02,5190,0
-1.3122816482949045,885.0388803268688,748.6772132508927,full,window,100.0,MISSA KESWAL-03,4761,0
-0.0248009002932649,1149.3168969881938,1034.4175952237404,full,window,100.0,QAZIAN -1X,5664,0
-0.1380831899049248,902.8480487349386,788.5027526635944,raw,point,0.0,MISSA KESWAL-01,4364,0
-1.1015427007403735,1135.8275008806436,905.9246198721248,raw,point,0.0,MISSA KESWAL-02,5190,0
-2.3260078936483786,1061.4599723545257,895.6602559310838,raw,point,0.0,MISSA KESWAL-03,4761,0
-0.133064915352955,1208.5021811106596,1061.7975318889037,raw,point,0.0,QAZIAN -1X,5664,0
0.3972969733792234,657.0211433476542,568.3517764829697,raw,window,10.0,MISSA KESWAL-01,4364,0
-1.648643172214677,1275.1315667998758,1047.725358546446,raw,window,10.0,MISSA KESWAL-02,5190,0
-3.185022025613331,1190.6684823781443,985.4636697429104,raw,window,10.0,MISSA KESWAL-03,4761,0
0.1101498222747775,1070.9729165917413,894.7866925612627,raw,window,10.0,QAZIAN -1X,5664,0
0.2487614376593089,733.5278305184303,612.5747861081076,raw,window,25.0,MISSA KESWAL-01,4364,0
-0.9731838782215478,1100.5937685091317,926.962220526704,raw,window,25.0,MISSA KESWAL-02,5190,0
-1.9680857587782987,1002.72122133674,827.4950482496947,raw,window,25.0,MISSA KESWAL-03,4761,0
0.0823862649939335,1087.551909565489,908.2717676600224,raw,window,25.0,QAZIAN -1X,5664,0
0.3820906753501104,665.2578899476352,578.7148785385398,raw,window,50.0,MISSA KESWAL-01,4364,0
-1.5374457621540096,1248.077788517476,1050.870255950295,raw,window,50.0,MISSA KESWAL-02,5190,0
-1.7643013393974378,967.6864855686392,804.8390290259975,raw,window,50.0,MISSA KESWAL-03,4761,0
-0.2677727204491653,1278.3234144806167,1113.802269387007,raw,window,50.0,QAZIAN -1X,5664,0
0.4313765359779846,638.1753831804631,546.0194425279542,raw,window,100.0,MISSA KESWAL-01,4364,0
-1.2508053398296188,1175.4718650196448,989.4076231958994,raw,window,100.0,MISSA KESWAL-02,5190,0
-1.5871644338792268,936.1684481124674,779.5294424115493,raw,window,100.0,MISSA KESWAL-03,4761,0
-0.1523408433959874,1218.7384702428062,1051.071294341869,raw,window,100.0,QAZIAN -1X,5664,0
0.6027021474067343,533.4402335610656,440.5599533511042,full,point,0.0,MISSA KESWAL-01,4364,1
-0.0575289670379317,805.7297628803101,594.0185453975494,full,point,0.0,MISSA KESWAL-02,5190,1
-1.9975600167993823,1007.6876300925164,870.0300541395092,full,point,0.0,MISSA KESWAL-03,4761,1
-0.3059743780997312,1297.4402621180143,1192.6619814473129,full,point,0.0,QAZIAN -1X,5664,1
0.4893621079700379,604.7615601676724,545.122740150414,full,window,10.0,MISSA KESWAL-01,4364,1
0.424901074700057,594.1752373500875,450.09674330345314,full,window,10.0,MISSA KESWAL-02,5190,1
-0.7721803060184378,774.811283655998,662.5730129839122,full,window,10.0,MISSA KESWAL-03,4761,1
0.1664579179280673,1036.5346098117082,925.9420192819714,full,window,10.0,QAZIAN -1X,5664,1
0.4223765510068866,643.2059706315596,581.4111617933125,full,window,25.0,MISSA KESWAL-01,4364,1
0.3383680526765247,637.311131285906,484.73813214606673,full,window,25.0,MISSA KESWAL-02,5190,1
-1.4017939299585929,902.006890616944,790.7647362800045,full,window,25.0,MISSA KESWAL-03,4761,1
-0.0463744396049092,1161.3512820077633,1048.5497916492527,full,window,25.0,QAZIAN -1X,5664,1
0.6767971834449177,481.1330913848543,407.812646202058,full,window,50.0,MISSA KESWAL-01,4364,1
0.0530857619664968,762.4275723610101,564.7235034806645,full,window,50.0,MISSA KESWAL-02,5190,1
-1.9455683175920253,998.9103976864236,897.4172714378955,full,window,50.0,MISSA KESWAL-03,4761,1
-0.2622599312998737,1275.5410525565826,1136.1563723802471,full,window,50.0,QAZIAN -1X,5664,1
0.7224642839985449,445.8482841612772,356.8203642325705,full,window,100.0,MISSA KESWAL-01,4364,1
0.1677430041418629,714.7793505358752,530.7469559712188,full,window,100.0,MISSA KESWAL-02,5190,1
-1.096508101501937,842.7334963082762,712.2552769866411,full,window,100.0,MISSA KESWAL-03,4761,1
-0.1842703248485024,1235.5077273612435,1116.0974803947493,full,window,100.0,QAZIAN -1X,5664,1
-0.2254729318013804,936.870406763893,820.8250201556099,raw,point,0.0,MISSA KESWAL-01,4364,1
-1.0542186944975669,1122.966004100564,890.8453319811989,raw,point,0.0,MISSA KESWAL-02,5190,1
-2.241010395371169,1047.8091721187338,880.5707791031214,raw,point,0.0,MISSA KESWAL-03,4761,1
-0.1722090019046964,1229.200048187754,1080.397556630073,raw,point,0.0,QAZIAN -1X,5664,1
0.3944216003767909,658.5865353476559,566.4238231318656,raw,window,10.0,MISSA KESWAL-01,4364,1
-2.033735236850867,1364.684026754578,1144.0455505452942,raw,window,10.0,MISSA KESWAL-02,5190,1
-3.1410044659074083,1184.390276242039,991.7763479167692,raw,window,10.0,MISSA KESWAL-03,4761,1
0.1416573848935322,1051.8416895430996,868.6350218640688,raw,window,10.0,QAZIAN -1X,5664,1
0.2966361434045055,709.7700724238576,592.5603780934026,raw,window,25.0,MISSA KESWAL-01,4364,1
-0.869743211065974,1071.3571018413356,888.7408652984631,raw,window,25.0,MISSA KESWAL-02,5190,1
-1.9259623185943455,995.5804232332626,817.9284648320994,raw,window,25.0,MISSA KESWAL-03,4761,1
0.1431859849737817,1050.904673400977,878.5806277407199,raw,window,25.0,QAZIAN -1X,5664,1
0.3650429227071562,674.3724868676848,592.1938735704234,raw,window,50.0,MISSA KESWAL-01,4364,1
-1.3866762914947608,1210.430977883911,1030.246075033794,raw,window,50.0,MISSA KESWAL-02,5190,1
-1.746425048646418,964.5524743797667,812.7157635461792,raw,window,50.0,MISSA KESWAL-03,4761,1
-0.21964414587499,1253.8240914968685,1091.0973002122782,raw,window,50.0,QAZIAN -1X,5664,1
0.3741695011340133,669.508386405922,586.3135513284741,raw,window,100.0,MISSA KESWAL-01,4364,1
-1.384414295160505,1209.857242876012,1024.1489329843675,raw,window,100.0,MISSA KESWAL-02,5190,1
-1.5337275038746028,926.449895469813,770.5998812476001,raw,window,100.0,MISSA KESWAL-03,4761,1
-0.0783134977141055,1178.9423351828402,994.1868974984897,raw,window,100.0,QAZIAN -1X,5664,1
0.6086015870028629,529.4649183947407,438.56597617684287,full,point,0.0,MISSA KESWAL-01,4364,2
0.0821098950660423,750.6519452352248,549.6031391026538,full,point,0.0,MISSA KESWAL-02,5190,2
-1.7001769616536344,956.3967629220582,833.4635106445108,full,point,0.0,MISSA KESWAL-03,4761,2
-0.1599206385158058,1222.7401711212417,1121.532091553045,full,point,0.0,QAZIAN -1X,5664,2
0.5580127850509756,562.6424725841048,508.5929517852923,full,window,10.0,MISSA KESWAL-01,4364,2
0.4076645338460883,603.0136439924145,452.5268320173636,full,window,10.0,MISSA KESWAL-02,5190,2
-0.6872606514708299,756.0196316184554,641.5177897934142,full,window,10.0,MISSA KESWAL-03,4761,2
0.1505484141640006,1046.3798267153263,934.2312814906234,full,window,10.0,QAZIAN -1X,5664,2
0.444730773436145,630.637021030675,579.0499891899187,full,window,25.0,MISSA KESWAL-01,4364,2
0.3117861222317755,649.9874678451887,501.1507449672974,full,window,25.0,MISSA KESWAL-02,5190,2
-1.9809819010729692,1004.897239937171,890.8935454661327,full,window,25.0,MISSA KESWAL-03,4761,2
-0.0352865216165023,1155.1817589586142,1043.0171787805932,full,window,25.0,QAZIAN -1X,5664,2
0.6335391848338887,512.3201425953522,421.1787675035178,full,window,50.0,MISSA KESWAL-01,4364,2
0.1260168813190879,732.4783495005329,549.4557978191234,full,window,50.0,MISSA KESWAL-02,5190,2
-1.0376076172747593,830.8110450079282,706.9088283833654,full,window,50.0,MISSA KESWAL-03,4761,2
-0.2103047478023005,1249.0143009607475,1131.8266767829507,full,window,50.0,QAZIAN -1X,5664,2
0.6877093356851276,472.9412122444895,381.16253785705845,full,window,100.0,MISSA KESWAL-01,4364,2
0.182920772305376,708.2316895371088,532.3374990985895,full,window,100.0,MISSA KESWAL-02,5190,2
-1.1927319275416082,861.8560882780641,720.0703780055399,full,window,100.0,MISSA KESWAL-03,4761,2
-0.2638820884271242,1276.3604018898322,1156.1202570621815,full,window,100.0,QAZIAN -1X,5664,2
-0.1964462533583619,925.7085106041566,808.8028441071033,raw,point,0.0,MISSA KESWAL-01,4364,2
-1.0351926925525683,1117.7534979142804,885.4751507198714,raw,point,0.0,MISSA KESWAL-02,5190,2
-2.267124862738988,1052.022068206249,884.0882487292175,raw,point,0.0,MISSA KESWAL-03,4761,2
-0.1556357002525987,1220.479579447915,1068.5706845501743,raw,point,0.0,QAZIAN -1X,5664,2
0.3723220426721872,670.4958562187699,577.1169378240289,raw,window,10.0,MISSA KESWAL-01,4364,2
-1.6366788780103183,1272.2483326920892,1034.9718600845222,raw,window,10.0,MISSA KESWAL-02,5190,2
-3.2387255467331126,1198.283646748124,1001.5206869200724,raw,window,10.0,MISSA KESWAL-03,4761,2
0.2020002357891148,1014.1949039935884,842.2376795824299,raw,window,10.0,QAZIAN -1X,5664,2
0.422424261492445,643.1794063508531,542.150572418957,raw,window,25.0,MISSA KESWAL-01,4364,2
-0.8760924849097991,1073.1746173488548,901.9580997920054,raw,window,25.0,MISSA KESWAL-02,5190,2
-1.9222527841567876,994.9491247498622,818.5703102155084,raw,window,25.0,MISSA KESWAL-03,4761,2
0.0432248919208932,1110.516399871102,922.8634685522046,raw,window,25.0,QAZIAN -1X,5664,2
0.3268555295436881,694.3553734804227,610.2055890034229,raw,window,50.0,MISSA KESWAL-01,4364,2
-1.1653424087227489,1152.939613382491,966.92146220022,raw,window,50.0,MISSA KESWAL-02,5190,2
-1.8259726093234416,978.421433422064,814.5388050774277,raw,window,50.0,MISSA KESWAL-03,4761,2
-0.2049537922277886,1246.250194008611,1099.0964310727911,raw,window,50.0,QAZIAN -1X,5664,2
0.450287758059879,627.4734635312972,542.3444427956363,raw,window,100.0,MISSA KESWAL-01,4364,2
-1.1389469774829672,1145.8909244554245,967.9573775486588,raw,window,100.0,MISSA KESWAL-02,5190,2
-1.5935393546528585,937.3211247183468,776.2922021964964,raw,window,100.0,MISSA KESWAL-03,4761,2
-0.1078340553267032,1194.9710892415128,1026.019328133,raw,window,100.0,QAZIAN -1X,5664,2
