features,model,window_m,mean_r2,mean_rmse,mean_mae
full,point,,-0.16392454604244422,842.7917411289245,708.1519818060685
full,window,10.0,0.09960527593202773,752.1716504549776,647.3225669544564
full,window,25.0,-0.2302599602680774,845.8937720764726,738.5456341604652
full,window,50.0,-0.14316894528665833,847.9125080621094,714.1253243935712
full,window,100.0,-0.10663246756177708,801.5172234275532,668.8765443972222
raw,point,,-0.9246746749116579,1077.1594257701918,912.9712900889267
raw,window,10.0,-1.0815546005435017,1048.448527279354,874.0818743333972
raw,window,25.0,-0.652530483586651,981.0986824824477,818.8259556361322
raw,window,50.0,-0.7968572866626256,1039.8363946285917,887.0566082254599
raw,window,100.0,-0.639733520281712,992.1385416388454,841.5069506193179
