r2,rmse,mae,features,model,window_m,test_well,n
0.6626756689084439,491.5316566076146,396.23181482454993,full,point,,MISSA KESWAL-01,4364
-0.07875675283561145,813.776293363409,598.3815933047327,full,point,,MISSA KESWAL-02,5190
-1.0680460690015368,836.9935058020595,717.556054191896,full,point,,MISSA KESWAL-03,4761
-0.17157103124107254,1228.865508742615,1120.4384649030953,full,point,,QAZIAN -1X,5664
0.4910863800837282,603.7396469066429,548.1299481484249,full,window,10.0,MISSA KESWAL-01,4364
0.42932310663221995,591.8864727415378,450.7005777776523,full,window,10.0,MISSA KESWAL-02,5190
-0.6360871490593694,744.4665696309177,627.5318997701457,full,window,10.0,MISSA KESWAL-03,4761
0.11409876607153213,1068.593912540812,962.9278421216027,full,window,10.0,QAZIAN -1X,5664
0.424864345661628,641.8193483819599,583.8110990279579,full,window,25.0,MISSA KESWAL-01,4364
0.3225303987359387,644.8937629411105,493.27486121323307,full,window,25.0,MISSA KESWAL-02,5190
-1.6404469159482122,945.7594820389352,831.2637450942553,full,window,25.0,MISSA KESWAL-03,4761
-0.027987669521664094,1151.1024949438847,1045.8328313064144,full,window,25.0,QAZIAN -1X,5664
0.5706611305580827,554.5334695191899,472.50014055285436,full,window,50.0,MISSA KESWAL-01,4364
0.09956717677516347,743.4793819432332,549.4290117103203,full,window,50.0,MISSA KESWAL-02,5190
-0.9840548677534884,819.8205924464874,696.5294362428373,full,window,50.0,MISSA KESWAL-03,4761
-0.25884922072639105,1273.816588339527,1138.0427090682726,full,window,50.0,QAZIAN -1X,5664
0.6601889200804897,493.3401109667659,392.9397923289718,full,window,100.0,MISSA KESWAL-01,4364
0.25036375826057145,678.3730054283843,499.4715767852842,full,window,100.0,MISSA KESWAL-02,5190
-1.3122816482949045,885.0388803268688,748.6772132508927,full,window,100.0,MISSA KESWAL-03,4761
-0.024800900293264982,1149.3168969881938,1034.4175952237404,full,window,100.0,QAZIAN -1X,5664
-0.13808318990492485,902.8480487349386,788.5027526635944,raw,point,,MISSA KESWAL-01,4364
-1.1015427007403735,1135.8275008806436,905.9246198721248,raw,point,,MISSA KESWAL-02,5190
-2.3260078936483786,1061.4599723545255,895.6602559310838,raw,point,,MISSA KESWAL-03,4761
-0.13306491535295506,1208.5021811106596,1061.7975318889037,raw,point,,QAZIAN -1X,5664
0.39729697337922343,657.0211433476542,568.3517764829697,raw,window,10.0,MISSA KESWAL-01,4364
-1.648643172214677,1275.1315667998758,1047.725358546446,raw,window,10.0,MISSA KESWAL-02,5190
-3.185022025613331,1190.6684823781443,985.4636697429103,raw,window,10.0,MISSA KESWAL-03,4761
0.11014982227477754,1070.9729165917413,894.7866925612627,raw,window,10.0,QAZIAN -1X,5664
0.24876143765930891,733.5278305184303,612.5747861081076,raw,window,25.0,MISSA KESWAL-01,4364
-0.9731838782215478,1100.5937685091315,926.962220526704,raw,window,25.0,MISSA KESWAL-02,5190
-1.9680857587782987,1002.72122133674,827.4950482496947,raw,window,25.0,MISSA KESWAL-03,4761
0.08238626499393353,1087.551909565489,908.2717676600224,raw,window,25.0,QAZIAN -1X,5664
0.38209067535011043,665.2578899476352,578.7148785385398,raw,window,50.0,MISSA KESWAL-01,4364
-1.5374457621540096,1248.077788517476,1050.870255950295,raw,window,50.0,MISSA KESWAL-02,5190
-1.7643013393974378,967.6864855686391,804.8390290259975,raw,window,50.0,MISSA KESWAL-03,4761
-0.26777272044916534,1278.3234144806167,1113.802269387007,raw,window,50.0,QAZIAN -1X,5664
0.43137653597798464,638.1753831804631,546.0194425279542,raw,window,100.0,MISSA KESWAL-01,4364
-1.2508053398296188,1175.4718650196448,989.4076231958994,raw,window,100.0,MISSA KESWAL-02,5190
-1.5871644338792268,936.1684481124674,779.5294424115493,raw,window,100.0,MISSA KESWAL-03,4761
-0.1523408433959874,1218.7384702428062,1051.0712943418687,raw,window,100.0,QAZIAN -1X,5664
